{
    "Items": [
        {
            "master": 0.9931231737136841,
            "music": 0.4707687795162201,
            "sfx": 0.4739769995212555,
            "enviromental": 0.48800382018089297
        }
    ]
}